1|Tura Novi Sad|Novi Sad|Srbija|Tura koja prolazi pored najvecih znamenitosti u Novom Sadu|srpski|30|Petrovaradinska tvrdjava, Muzej grada Novog Sada, Spomenik Svetozaru Mileticu, Matica srpska|3/4/2023 12:00|3|
2|Tura Beograd|Beograd|Srbija|Tura koja prolazi pored najvecih znamenitosti u Beogradu|engleski|45|Knez Mihajlova, Narodni muzej, Saborna crkva|1/5/2023 13:00|2|
3|Tura Atina|Atina|Grcka|Posetite najlepse predele glavnog grada Grcke|engleski|50|Akropolj, Olimpion, Nacionalni muzej|10/6/2023 09:30|4|
4|Tura Sarajevo|Sarajevo|BiH|Uzivajte u setnji kroz ovaj divan grad|srpski|35|Trg Sebilj, Marijin dvor, Narodno pozoriste|12/9/2023 10:00|2|
5|Tura Venecija|Venecija|Italija|Posetite jedan od najpopularnijih turistickih gradova|italijanski|40|Trg Svetog Marka, Duzdeva palata, Most Rialto, Santa Maria della Salute|3/5/2023 12:30|4|
