1|Tura Novi Sad|Novi Sad|Srbija|Tura koja prolazi pored najvecih znamenitosti u Novom Sadu|srpski|30|Petrovaradinska tvrdjava, Muzej grada Novog Sada, Spomenik Svetozaru Mileticu, Matica srpska|23-Mar-23 00:00:00 AM|3
2|Tura Beograd|Beograd|Srbija|Tura koja prolazi pored najvecih znamenitosti u Beogradu|engleski|45|Knez Mihajlova, Narodni muzej, Saborna crkva|23-Mar-23 00:00:00 AM|2
3|Tura Atina|Atina|Grcka|Posetite najlepse predele glavnog grada Grcke|engleski|50|Akropolj, Olimpion, Nacionalni muzej|23-Mar-23 00:00:00 AM|4
4|Tura Sarajevo|Sarajevo|BiH|Uzivajte u setnji kroz ovaj divan grad|srpski|35|Trg Sebilj, Marijin dvor, Narodno pozoriste|23-Mar-23 00:00:00 AM|2
5|Tura Venecija|Venecija|Italija|Posetite jedan od najpopularnijih turistickih gradova|italijanski|40|Trg Svetog Marka, Duzdeva palata, Most Rialto, Santa Maria della Salute|23-Mar-23 00:00:00 AM|4
6|aa|aa|aa|aa|aa|10|aa|23-Mar-23 00:00:00 AM|10
7|Tura Venecija|Venecija|Italija|Posetite jedan od najpopularnijih turistickih gradova|italijanski|40|Trg Svetog Marka, Duzdeva palata, Most Rialto, Santa Maria della Salute|23-Mar-23 00:00:00 AM|4
8|Tura|Srbija|Ruma|Odlicna|srpski|5|Borkovac, Centar|23-Mar-23 00:00:00 AM|5
9|ime|drzava|grad|opis|jezik|10|kljucne tacke|24-Mar-23 00:00:00 AM|5
